employee_id,name,department,role,salary,hire_date
4,Victoria Patel,Engineering,Data Scientist,69235,30/12/2020
5,Stephanie Collins,Engineering,Software Engineer,80262,18/08/2015
6,Melinda Kennedy,HR,HR Generalist,83107,09/11/2015
7,Eugene Bowman,Sales,Sales Executive,70162,27/09/2016
8,Karen Grimes,Engineering,Software Engineer,89453,20/03/2017
9,Thomas Moon,Sales,Account Manager,75471,17/10/2015
10,Jennifer Summers,Sales,Sales Executive,71593,06/09/2020
11,Lisa Clayton,HR,HR Coordinator,80017,01/11/2017
12,Frederick Harrell,Sales,Sales Executive,78105,16/08/2016
13,Connie Pratt,HR,HR Coordinator,88354,18/03/2016
14,Jo Miller,Sales,Account Manager,62040,21/09/2017
15,Yolanda Burns,Sales,Sales Executive,63056,25/07/2017
16,Michelle Kelley,Sales,Account Manager,83273,06/08/2019
17,Robert Payne,Sales,Sales Manager,60037,12/06/2017
18,Kyle Cruz,Sales,Account Manager,87133,24/11/2019
19,Clinton Underwood,HR,HR Manager,83929,13/04/2015
20,Mary Alvarez,HR,HR Generalist,88523,07/10/2015
21,Bianca Hernandez,Engineering,Data Scientist,78596,01/05/2015
22,Stephanie Leblanc,Engineering,Data Scientist,86324,07/08/2019
23,Sara Warren,Engineering,Frontend Developer,62988,10/06/2019
24,Sarah Jacobson,Engineering,DevOps Engineer,88674,07/01/2020
25,Jennifer Hill,Sales,Account Manager,63573,11/03/2019
26,Whitney Stark,HR,HR Generalist,69538,15/01/2018
27,Louis Tucker,Sales,Sales Executive,77938,11/05/2020
28,Connor Smith,HR,HR Generalist,66658,22/04/2017
29,Daniel Norton,Sales,Sales Manager,79255,30/10/2017
30,Antonio Logan,HR,HR Coordinator,63002,07/12/2020
31,Robert Walters,Sales,Account Manager,70388,18/07/2019
32,Angela Martinez,Sales,Sales Executive,69513,08/08/2016
33,Laura Myers,Engineering,Data Scientist,86917,23/02/2018
34,Audrey Jacobs,Engineering,Software Engineer,80079,27/08/2016
35,Cathy Martinez,Sales,Account Manager,75614,16/10/2016
36,Amy Shelton,Engineering,Software Engineer,82240,18/08/2019
37,Brian Green,Engineering,Data Scientist,61266,17/11/2016
38,Eric Graham,Engineering,Frontend Developer,87455,09/07/2015
39,Amanda Garcia,Sales,Sales Manager,69031,30/04/2018
40,Ian Dennis,Sales,Sales Executive,87835,06/11/2019
41,Michael Levy,Engineering,Frontend Developer,78995,30/06/2015
42,Brooke Martin,HR,HR Coordinator,76143,04/07/2019
43,Kyle Ramos,Sales,Sales Manager,82944,27/06/2016
44,Michael Mccullough,HR,HR Manager,70627,30/04/2019
45,Mariah Price,Sales,Sales Executive,75939,05/08/2020
46,Justin Smith,Sales,Sales Manager,70986,03/09/2015
47,Angel Campbell,Engineering,Data Scientist,60531,16/01/2017
48,Karen Bishop,Sales,Account Manager,63838,23/09/2020
49,Travis Schultz,Sales,Sales Executive,72191,13/04/2020
50,Eric Goodman,Engineering,DevOps Engineer,73963,15/07/2020
51,Kristopher Hale,Engineering,Software Engineer,85661,12/05/2016
52,Mark Gray,Engineering,Data Scientist,61482,24/09/2020
53,Jennifer Morales,Sales,Sales Manager,89819,20/12/2020
54,Patricia Fletcher,Sales,Sales Manager,82301,29/05/2016
55,David Moore,Engineering,Software Engineer,64077,28/06/2019
56,Susan Munoz,Sales,Sales Executive,79868,01/01/2015
57,Kathleen Collins,Sales,Sales Executive,72819,21/12/2018
58,Rodney Mccann,Engineering,DevOps Engineer,87323,13/07/2018
59,Zachary Schultz,Engineering,Software Engineer,79841,17/09/2015
60,Bianca Smith,Engineering,Data Scientist,66061,09/10/2020
61,Aaron Smith,Sales,Sales Executive,75703,08/01/2015
62,Miss Lisa Lee,Engineering,Software Engineer,82260,05/03/2020
63,Shelly Ramirez,Engineering,Frontend Developer,80335,20/07/2016
64,Scott Sanders,Engineering,DevOps Engineer,62293,10/09/2015
65,Thomas Marsh,Engineering,Software Engineer,81198,26/12/2015
66,Brandi Meyer,HR,HR Coordinator,74289,14/07/2020
67,Ashley Moore,Engineering,Software Engineer,76503,27/02/2015
68,Daniel Green,HR,HR Manager,79545,04/09/2017
69,Teresa Browning,Engineering,Frontend Developer,66532,11/05/2015
70,Tonya Lawson,HR,HR Coordinator,89635,17/03/2019
71,Stephanie Bowman,Sales,Account Manager,87470,03/03/2018
72,Cassandra Bennett,Sales,Sales Executive,82862,23/06/2017
73,Chris Cook,Sales,Sales Executive,85144,14/02/2018
74,Gina Oliver,Engineering,Data Scientist,87702,09/05/2015
75,Chase Silva,Engineering,DevOps Engineer,77349,26/01/2018
76,Joshua Carter,HR,HR Manager,79555,25/01/2019
77,Taylor Parker,HR,HR Generalist,65728,14/06/2019
78,Elizabeth Houston,Engineering,Frontend Developer,82324,18/07/2017
79,Brett Kerr,HR,HR Generalist,88665,12/01/2019
80,Robert Burnett,Sales,Account Manager,81264,22/01/2016
81,Michael Simmons,HR,HR Coordinator,87448,26/07/2017
82,Michael Moore,Sales,Account Manager,65027,01/06/2016
83,Jaime Villegas,Sales,Sales Manager,60407,07/06/2020
84,Robert Gonzalez,HR,HR Generalist,62591,17/11/2016
85,Adam Long,HR,HR Generalist,61497,01/06/2019
86,Thomas Kramer,Sales,Account Manager,64418,11/10/2020
87,Bradley Robinson,Engineering,Frontend Developer,71541,21/03/2017
88,Carol Lee,Sales,Account Manager,82066,24/12/2015
89,Scott Miles,HR,HR Generalist,89227,22/06/2019
90,Michael Wilson,Sales,Sales Manager,64336,21/05/2018
91,Martin Shea,Sales,Account Manager,72714,01/11/2016
92,Ashley Ellis,Sales,Account Manager,87161,28/01/2018
93,Brittany Hinton,Sales,Sales Executive,60049,24/02/2019
94,Jared Frazier,Sales,Sales Executive,82891,08/06/2019
95,Thomas Morris MD,HR,HR Manager,67845,30/03/2019
96,Shelly Daniels,Engineering,Frontend Developer,72407,10/11/2016
97,Michael Burgess,Sales,Sales Manager,78617,15/09/2017
98,Amanda Hernandez,HR,HR Manager,73181,09/03/2017
99,Brittney Gray,Sales,Sales Manager,73704,03/07/2017
100,Renee Jones,Sales,Sales Manager,61532,20/09/2015
101,Suzanne Jones,Engineering,Frontend Developer,62093,10/02/2016
102,Adrian Anthony,HR,HR Generalist,65167,24/10/2017
103,Rebecca Melton,HR,HR Generalist,88997,02/12/2018
104,Kathy Santana,HR,HR Generalist,79791,10/04/2019
105,Brandon Bauer,Engineering,Software Engineer,76206,29/05/2019
106,Wanda Burgess,HR,HR Coordinator,87450,02/10/2016
107,Steven Butler,HR,HR Manager,86510,07/02/2019
108,Valerie Lawson,HR,HR Manager,77975,26/12/2016
109,Rebecca Sandoval,Sales,Sales Executive,87441,01/01/2015
110,Elizabeth Hudson,Sales,Sales Executive,60482,30/10/2017
111,Scott Hahn,HR,HR Generalist,73680,29/07/2017
112,Janet Reyes,HR,HR Manager,66996,23/05/2016
113,Bethany Mitchell,Engineering,Software Engineer,86959,03/11/2017
114,Andrew Butler,Sales,Sales Manager,80056,09/03/2019
115,Lindsay Miller,Engineering,Data Scientist,63896,10/12/2020
116,William Jenkins,Sales,Sales Manager,66504,15/03/2020
117,Jimmy Garcia,HR,HR Coordinator,82562,15/04/2016
118,Kyle Anderson,Engineering,Software Engineer,75584,03/10/2017
119,Joshua Reed,HR,HR Generalist,62665,06/04/2018
120,Paula Rodriguez,Engineering,DevOps Engineer,89946,06/07/2015
121,Julie Chen,HR,HR Manager,88225,15/11/2017
122,Tracy Reeves,HR,HR Manager,81416,09/07/2017
123,Bethany Buck,Sales,Sales Manager,81133,01/07/2017
124,Shelia Becker,HR,HR Manager,88569,13/01/2016
125,Rachel Lopez,Engineering,DevOps Engineer,87893,02/05/2018
126,Peter Gibson,Engineering,Software Engineer,61332,17/05/2020
127,Andrew Villa,Engineering,DevOps Engineer,78296,19/02/2019
128,Alexander Meyer,HR,HR Coordinator,78594,04/11/2019
129,Cindy Davis,Engineering,Frontend Developer,83342,03/05/2020
130,Melissa Fisher,Sales,Account Manager,80976,06/08/2017
131,Brianna Snow,HR,HR Coordinator,88554,04/08/2018
132,Taylor Perry,Sales,Sales Executive,66810,05/11/2015
133,Christopher Blevins,HR,HR Generalist,69536,19/10/2018
134,Jason Crawford,Engineering,Data Scientist,64948,05/10/2017
135,Angela Jones,HR,HR Coordinator,71059,21/01/2018
136,Haley Thompson,HR,HR Generalist,63070,17/12/2016
137,Andrea Barry,HR,HR Generalist,61168,08/10/2016
138,Matthew Dennis,Engineering,DevOps Engineer,65369,18/01/2016
139,Elaine Norris,Engineering,DevOps Engineer,71826,23/02/2020
140,Charles Gibson,HR,HR Generalist,64248,21/01/2019
141,Tyler Anderson,HR,HR Manager,75665,08/10/2016
142,John Carter,Sales,Sales Executive,61581,15/09/2019
143,Catherine Kaiser,HR,HR Manager,88083,15/11/2015
144,Elizabeth Bennett,Sales,Sales Manager,62322,01/04/2016
145,Regina Stewart,HR,HR Coordinator,87379,24/01/2017
146,Clinton Watson,HR,HR Coordinator,73589,22/08/2020
147,Carlos Smith,Engineering,Software Engineer,78377,31/08/2015
148,Bonnie Evans,HR,HR Coordinator,71045,18/07/2018
149,Brenda Henderson,HR,HR Manager,75698,01/06/2020
150,David Chen,Engineering,Frontend Developer,73976,02/06/2020
151,Amy Ortiz,Engineering,DevOps Engineer,70979,20/07/2018
152,Stephanie Alexander,Sales,Sales Manager,89307,28/02/2018
153,John Clements,Engineering,Data Scientist,80537,04/12/2015
154,Justin Watts,Sales,Account Manager,86414,22/12/2020
155,James Saunders,Sales,Sales Executive,62157,03/09/2018
156,Tyler Peterson,Engineering,Data Scientist,84571,14/06/2019
157,Joel Walsh,Engineering,Software Engineer,72609,10/02/2019
158,Elizabeth Greer,Engineering,Software Engineer,72904,27/10/2018
159,Aimee Evans,Sales,Sales Manager,69496,07/05/2020
160,Lee Coleman,HR,HR Coordinator,85830,04/01/2019
161,Jonathan Woodward,Sales,Sales Manager,82259,17/08/2019
162,Diana Riggs,Engineering,Frontend Developer,62741,11/01/2016
163,Michael Smith,HR,HR Manager,68549,22/05/2018
164,Lauren Foster,Sales,Sales Executive,74130,14/11/2015
165,Heather Savage,Engineering,DevOps Engineer,63768,20/09/2020
166,Linda Johnson,Engineering,Software Engineer,89589,26/03/2017
167,Gerald Moreno,Sales,Account Manager,84655,12/02/2017
168,Pamela Jones,Sales,Sales Executive,63896,19/06/2017
169,Chad Mills,HR,HR Coordinator,68404,15/10/2016
170,Jennifer Walters,Engineering,Software Engineer,86130,07/06/2018
171,Sue Ramirez,Engineering,Data Scientist,63428,06/10/2018
172,Mark Moore,Engineering,Frontend Developer,72387,05/12/2020
173,James Mcdonald,HR,HR Generalist,87098,05/10/2019
174,Heather Kennedy,Engineering,Software Engineer,79537,13/07/2018
175,John Mason,HR,HR Manager,78478,11/03/2019
176,Amy Evans,HR,HR Generalist,82279,20/03/2019
177,Marc Johnson,HR,HR Generalist,76233,04/01/2019
178,Willie Mathis,Sales,Account Manager,87313,26/07/2015
179,Angela Avery,HR,HR Coordinator,80809,09/09/2020
180,Isaiah Wilson,Sales,Sales Executive,77786,12/01/2015
181,Dr. Melissa Acosta MD,Sales,Sales Executive,60318,15/11/2019
182,Brian Murray,HR,HR Generalist,84478,22/10/2017
183,Gary Wong,HR,HR Coordinator,61162,05/11/2020
184,Jermaine Fletcher,Sales,Sales Executive,88655,17/06/2019
185,Daniel Lopez,HR,HR Generalist,85695,20/12/2017
186,Jasmine Roman,Engineering,Frontend Developer,79102,25/04/2018
187,Rebecca Gonzales,HR,HR Generalist,83146,26/09/2016
188,Amber Price,HR,HR Manager,86212,28/12/2016
189,Shelby Cox,Engineering,Software Engineer,62174,05/06/2020
190,Crystal Evans,Engineering,Data Scientist,61331,27/09/2015
191,Kayla Mitchell,HR,HR Manager,84867,01/01/2018
192,Anthony Terry,HR,HR Coordinator,88242,30/08/2020
193,Tina Spears,Engineering,Data Scientist,88465,30/08/2018
194,Katherine Padilla,Sales,Account Manager,72167,31/10/2016
195,Andrew Williams,Sales,Account Manager,89526,22/12/2017
196,Matthew Taylor,Sales,Sales Manager,61101,21/08/2018
197,Tracy Sanders,Sales,Sales Executive,82235,17/11/2016
198,Gerald Garcia,Sales,Sales Manager,62502,24/09/2015
199,Erica Bryant,Sales,Account Manager,89680,07/10/2017
200,Joseph Lee,Engineering,DevOps Engineer,77544,06/09/2015
201,Joseph Lopez,Sales,Account Manager,87056,18/09/2016
202,Nicholas Turner,HR,HR Coordinator,79904,25/05/2019
203,Dawn Cooper,Sales,Sales Executive,87895,15/01/2017
204,Timothy Jones,Engineering,Software Engineer,84272,03/12/2018
205,Jeffrey Stark MD,Engineering,DevOps Engineer,76608,14/03/2019
206,Bruce Miller,Sales,Account Manager,70901,03/11/2015
207,Brittany Henson,Engineering,Frontend Developer,88176,25/10/2016
208,Billy Simmons,HR,HR Coordinator,85312,10/05/2018
209,Christopher Burns,HR,HR Coordinator,86543,02/02/2016
210,Diana Bell,HR,HR Manager,65367,13/09/2018
211,Steven Bishop,Sales,Sales Executive,67829,17/09/2016
212,Paula Palmer,HR,HR Generalist,87195,06/12/2018
213,Debbie Hall,HR,HR Manager,61177,04/01/2016
214,Michelle Thompson,HR,HR Coordinator,64617,12/07/2018
215,Dustin Fitzgerald,HR,HR Generalist,83500,11/08/2020
216,Joseph Patterson,Engineering,Data Scientist,86551,04/06/2015
217,Matthew Wilson,HR,HR Coordinator,61152,21/10/2019
218,Michael Warner,Sales,Account Manager,72670,14/08/2020
219,Patrick Valenzuela,HR,HR Manager,63325,21/07/2015
220,Megan Hall,HR,HR Manager,60662,06/05/2020
221,Mr. Chad Smith,Engineering,Data Scientist,80642,18/04/2019
222,Kevin Johnson,HR,HR Manager,82940,08/02/2016
223,Brittney Thompson,Sales,Sales Manager,71359,26/08/2015
224,Daniel Herman,Engineering,Frontend Developer,85671,24/03/2019
225,Melissa Lewis,HR,HR Manager,88877,15/02/2016
226,Olivia Gomez,Engineering,Frontend Developer,80130,11/01/2020
227,Jonathan Hardin,Sales,Account Manager,81314,28/03/2020
228,Kelsey Howard,Engineering,DevOps Engineer,85839,16/11/2018
229,Tyler Peters,Engineering,Frontend Developer,86192,21/05/2016
230,Kathleen Ashley,HR,HR Generalist,88591,03/02/2019
231,Michele Miller,Sales,Sales Executive,77006,03/03/2016
232,Michele Underwood,Engineering,Software Engineer,85628,25/06/2017
233,Anthony Johnson,HR,HR Coordinator,72175,14/02/2017
234,Jeremy Swanson,Engineering,Frontend Developer,71683,05/08/2020
235,Gregory Martin,Sales,Sales Executive,61462,22/02/2015
236,Joshua Oconnor,Engineering,Frontend Developer,68368,14/04/2016
237,John Brown,Engineering,Data Scientist,67525,20/01/2017
238,Darius Valdez,Engineering,Frontend Developer,76616,26/07/2015
239,Haley Beck,HR,HR Manager,64773,27/02/2016
240,Cindy Graham,HR,HR Generalist,73829,17/01/2018
241,Matthew Chandler,Engineering,Software Engineer,73619,23/06/2018
242,Jason Baker,Engineering,Software Engineer,73604,09/07/2019
243,Veronica Bush,Engineering,Software Engineer,85930,11/05/2015
244,Barbara Finley,HR,HR Coordinator,82492,16/06/2016
245,Charles Melton,HR,HR Manager,76273,16/05/2019
246,Melissa Miller,HR,HR Generalist,68276,07/01/2017
247,Samantha Wright,Engineering,DevOps Engineer,62304,10/03/2015
248,Stephanie Newton,Engineering,DevOps Engineer,82668,25/10/2020
249,Michelle Simmons,Engineering,DevOps Engineer,71399,01/02/2020
250,Mark Mckinney,Engineering,Software Engineer,87206,25/03/2020
251,Dawn Shaffer,Engineering,DevOps Engineer,62310,15/03/2018
252,Timothy Johnson,Sales,Sales Executive,66815,06/10/2015
253,Michael Ellis,Engineering,Data Scientist,81594,26/04/2019
254,Nicolas Sullivan,Sales,Sales Manager,89520,18/04/2017
255,Terry Smith,Engineering,Software Engineer,69609,06/07/2019
256,Krista Madden,HR,HR Generalist,60807,11/07/2019
257,Deborah Mcdaniel,Sales,Sales Executive,88153,17/11/2018
258,Bryan Reed,Engineering,Data Scientist,74878,08/06/2015
259,Patrick Johnson,Engineering,Frontend Developer,71286,15/10/2020
260,Michele Hickman,Sales,Account Manager,64265,01/11/2020
261,Pamela Black,Engineering,Data Scientist,71869,14/04/2018
262,Valerie Clark,HR,HR Coordinator,69588,25/10/2019
263,Dr. Terri Sanchez,HR,HR Generalist,80837,24/09/2020
264,Melanie Gomez,HR,HR Manager,79432,20/04/2016
265,Paul Smith,Engineering,Software Engineer,77472,09/06/2015
266,Tiffany Cox,Sales,Account Manager,65125,28/04/2020
267,Johnny Powell,HR,HR Manager,64103,01/09/2018
268,Mrs. Brenda Williams,Engineering,DevOps Engineer,76657,26/01/2016
269,Adam Griffith,Engineering,Data Scientist,84735,25/08/2020
270,Paula Burgess,Engineering,DevOps Engineer,72204,06/08/2016
271,Timothy Ramirez,HR,HR Generalist,61515,24/06/2016
272,Amy Fowler,Engineering,Software Engineer,72904,07/12/2019
273,Jonathan Hogan,Engineering,Software Engineer,64326,23/02/2020
274,Jeffrey Collins,HR,HR Coordinator,78047,12/02/2015
275,William Robbins,HR,HR Generalist,64662,13/03/2017
276,Kristen Branch,Sales,Account Manager,69765,13/08/2016
277,Jessica Thomas,Sales,Account Manager,62770,19/01/2015
278,Brittney Guerrero,Engineering,Frontend Developer,80734,17/10/2019
279,John Johnson,HR,HR Generalist,77341,02/07/2018
280,Rebecca Wolf,Engineering,Frontend Developer,73389,18/02/2015
281,William Moore,Engineering,Frontend Developer,83861,27/08/2016
282,Lori Crawford,HR,HR Coordinator,66684,13/02/2017
283,Dana Lopez,HR,HR Coordinator,75430,28/07/2018
284,Jerome Manning,Engineering,Data Scientist,86100,29/10/2018
285,Stephanie Patrick,Engineering,DevOps Engineer,63675,08/11/2015
286,Carmen Mclean,Sales,Sales Manager,82550,18/08/2018
287,Teresa King,Engineering,Frontend Developer,73067,11/01/2018
288,Ann Johnson,Engineering,Frontend Developer,74146,04/02/2015
289,Christina Sanders,Engineering,Data Scientist,74858,15/09/2018
290,Lori Price,HR,HR Generalist,64671,30/04/2015
291,Heather Carroll,HR,HR Coordinator,80693,20/10/2019
292,Erin Johnson,Sales,Sales Executive,75836,11/01/2019
293,Brandy Miller,Engineering,DevOps Engineer,60060,15/12/2017
294,Benjamin Love,Sales,Account Manager,80274,16/09/2020
295,Amanda Hebert,HR,HR Manager,67167,20/03/2015
296,Taylor Joyce,HR,HR Manager,85186,28/05/2020
297,Michael Larson,Sales,Account Manager,77865,09/06/2018
298,Kayla Martin,Sales,Sales Executive,73900,21/02/2016
299,Michele Moran,Sales,Account Manager,63032,26/05/2015
300,Kelly Colon,Sales,Account Manager,84906,17/11/2020
301,Lynn Herring,Engineering,Frontend Developer,69177,06/12/2017
302,Robin Miller,Sales,Sales Executive,63959,25/06/2016
303,Christina Green,HR,HR Generalist,61328,16/12/2020
304,Rachel Holmes,Engineering,DevOps Engineer,73055,19/11/2018
305,Mrs. Stephanie Tran MD,Sales,Sales Manager,83264,25/12/2019
306,Jose Huang,HR,HR Coordinator,63343,09/09/2017
307,Andrea Wong,Sales,Account Manager,71594,19/11/2018
308,Robin Boyd,HR,HR Generalist,89778,02/11/2017
309,Brandy Ingram,Engineering,Software Engineer,61161,27/06/2015
310,Samantha Cooper,Engineering,DevOps Engineer,70014,06/09/2015
311,Lawrence Hudson,Sales,Account Manager,63872,09/11/2017
312,Kayla Archer,Sales,Sales Executive,89186,31/05/2020
313,Evan Johnson,Engineering,Software Engineer,73593,24/01/2016
314,Stephen Lee,HR,HR Coordinator,77033,09/07/2018
315,Melissa Robles,Engineering,Data Scientist,77412,12/06/2015
316,Rebecca Jackson,Engineering,Frontend Developer,80794,29/08/2015
317,Jeremiah Munoz,Sales,Account Manager,84295,10/04/2020
318,Megan Hart,HR,HR Coordinator,74495,10/11/2018
319,Andre Lang,HR,HR Generalist,80604,14/08/2016
320,Amy Davis,Engineering,Data Scientist,64040,23/03/2015
321,Christopher Gilbert,Sales,Sales Executive,72498,23/07/2020
322,Erica Gibbs,HR,HR Generalist,75333,28/11/2020
323,Bobby Williams PhD,Engineering,DevOps Engineer,71601,25/03/2017
324,Jose Copeland,Sales,Account Manager,84325,06/09/2015
325,Tyler Ruiz,HR,HR Manager,75621,13/04/2015
326,Jose Ballard,HR,HR Generalist,76435,25/04/2015
327,George Blackburn,HR,HR Coordinator,81366,02/12/2020
328,Christopher Mccall,Engineering,Frontend Developer,69836,11/06/2020
329,Terri Villa,Engineering,Frontend Developer,61717,16/10/2017
330,Karen Barron,Sales,Sales Executive,60837,08/10/2020
331,Darrell Reid,HR,HR Coordinator,72811,17/10/2017
332,David Perez,Engineering,Software Engineer,82508,31/07/2018
333,Shawn Taylor,Engineering,Frontend Developer,60210,22/10/2019
334,Carla Silva,HR,HR Manager,63806,04/11/2020
335,Robert Cooke,Sales,Sales Executive,68858,02/03/2015
336,Frank Smith,Sales,Sales Manager,69585,27/05/2015
337,Ashley Carr,Sales,Sales Executive,64609,20/04/2016
338,Jamie Johnson,Sales,Account Manager,66265,17/09/2018
339,Melissa Dawson,Engineering,Frontend Developer,75102,04/03/2016
340,Daniel Morales,Sales,Account Manager,72587,08/02/2016
341,Matthew Church,Engineering,DevOps Engineer,73818,02/09/2018
342,Danielle James,Sales,Sales Manager,74262,11/05/2018
343,John Knapp,Engineering,Frontend Developer,83226,03/08/2015
344,Yolanda Dyer,Engineering,DevOps Engineer,64234,01/03/2018
345,Lindsey Chan,Engineering,Data Scientist,74553,06/01/2017
346,Levi Dillon,HR,HR Coordinator,74001,29/04/2018
347,Ashley Rich,HR,HR Coordinator,83913,01/06/2015
348,James Saunders,Engineering,Data Scientist,74394,06/05/2018
349,Brian Murray,Engineering,Software Engineer,89681,06/12/2018
350,Gilbert Jenkins,HR,HR Manager,67668,08/01/2020
351,Sharon Gill,Sales,Sales Executive,88541,16/12/2015
352,Haley Fuller,Engineering,DevOps Engineer,61867,08/01/2019
353,Nicole Gonzalez,Sales,Sales Manager,82200,11/03/2017
354,Kevin Phillips,Engineering,Data Scientist,80014,25/05/2020
355,Juan Johnson,HR,HR Generalist,62838,29/06/2018
356,Nicholas Reed,Sales,Sales Manager,84624,15/02/2016
357,Howard Johnson,HR,HR Coordinator,73481,27/11/2019
358,Billy Page,HR,HR Manager,80705,16/10/2020
359,Jeffery Barber,Sales,Sales Manager,81811,05/03/2016
360,Daniel Perez,Sales,Sales Manager,84065,21/06/2019
361,Johnny Yoder,HR,HR Generalist,74896,20/04/2020
362,Michelle Rogers,HR,HR Coordinator,83072,04/01/2016
363,Suzanne Massey,HR,HR Manager,71049,24/03/2017
364,Grace Mason,HR,HR Manager,61435,27/10/2017
365,Brianna Bennett,Engineering,Data Scientist,71462,22/09/2019
366,Spencer Riddle,Engineering,DevOps Engineer,81450,12/12/2017
367,John Torres,Engineering,Data Scientist,62086,28/06/2018
368,Robin Vega MD,HR,HR Generalist,67279,16/01/2015
369,Madison Pollard,Sales,Account Manager,78276,26/05/2019
370,Richard Wolfe,Engineering,Frontend Developer,66319,26/01/2020
371,Vicki Rodriguez,HR,HR Generalist,63353,09/11/2020
372,Caroline Miller,Sales,Sales Executive,86043,22/04/2015
373,Steven Roth,HR,HR Coordinator,77560,02/02/2019
374,Michael Wood,HR,HR Coordinator,68372,04/12/2020
375,John Rowe,Engineering,Software Engineer,66230,09/05/2016
376,Samantha Miller,HR,HR Manager,66867,28/04/2019
377,Carol Carey,Sales,Account Manager,66153,02/06/2016
378,Kelly Franklin,Engineering,DevOps Engineer,82041,08/10/2016
379,Michael Baker,Sales,Sales Manager,69873,31/12/2019
380,James Mcclure,HR,HR Generalist,88180,22/10/2019
381,James Lang,HR,HR Coordinator,75796,24/06/2020
382,Felicia Hunter,HR,HR Generalist,67863,16/11/2018
383,Manuel Adams,Engineering,DevOps Engineer,78087,26/04/2019
384,Matthew Kennedy Jr.,Engineering,Software Engineer,75103,08/08/2019
385,Eric Lynch,HR,HR Generalist,74358,22/03/2016
386,Victor Mendoza,Engineering,Frontend Developer,76173,25/10/2019
387,Kristi Baker,HR,HR Coordinator,63870,14/12/2016
388,Elizabeth Ward,Engineering,Software Engineer,67901,20/10/2015
389,Sean Morrow,Engineering,Data Scientist,73566,01/03/2016
390,Christina Johnson,Engineering,Frontend Developer,80078,10/06/2018
391,Nicole Henry,Engineering,Frontend Developer,78317,15/11/2020
392,John Reed,HR,HR Manager,65910,01/12/2017
393,Melissa Allen,Engineering,Frontend Developer,67210,27/03/2019
394,Emily Walker,Engineering,DevOps Engineer,71537,20/03/2019
395,Troy House,HR,HR Coordinator,63515,12/10/2015
396,Kenneth Perez,Sales,Account Manager,79991,15/02/2018
397,Shannon Thomas,Sales,Sales Executive,83300,13/06/2017
398,Natalie Castillo,HR,HR Coordinator,76843,20/01/2018
399,Logan Guerra,Sales,Account Manager,77569,07/01/2016
400,Jonathan Ruiz,Sales,Account Manager,68930,31/07/2020
401,Lynn Howard,Engineering,Software Engineer,63890,11/05/2017
402,James Miranda,Sales,Sales Manager,63240,29/05/2017
403,Karen Carter,Engineering,Frontend Developer,68151,17/10/2018
404,Timothy Paul,Engineering,DevOps Engineer,88828,16/11/2017
405,Mr. James Price MD,Sales,Sales Manager,60211,25/10/2019
406,Connie Ross,Sales,Sales Manager,76884,24/08/2017
407,Mr. Michael Davis,HR,HR Manager,63990,12/09/2017
408,Travis Hoover,HR,HR Generalist,68928,02/09/2018
409,Ms. Amanda Davis,Engineering,DevOps Engineer,67522,14/09/2016
410,Cassandra White,Sales,Sales Manager,83051,10/12/2020
411,David Williams,Sales,Sales Manager,69246,03/04/2018
412,Beverly Underwood,Engineering,Data Scientist,62122,26/02/2020
413,Christina Figueroa,Sales,Account Manager,82106,06/09/2016
414,Kelly Howell,HR,HR Manager,72228,13/07/2018
415,Christopher Young,Sales,Account Manager,69398,14/07/2018
416,Robert Graham,Sales,Sales Executive,64498,30/03/2018
417,Amanda Blevins,Engineering,DevOps Engineer,72025,30/03/2015
418,Michele Wilcox,Sales,Sales Manager,60828,04/10/2020
419,Chad Holmes,Engineering,Frontend Developer,65087,21/02/2017
420,Michelle Nelson,Engineering,Software Engineer,64442,21/11/2020
421,Raymond Taylor,Engineering,Frontend Developer,78661,05/10/2016
422,Mary Harris,Sales,Sales Executive,67710,28/04/2019
423,Kristin Steele,Sales,Sales Executive,86744,14/01/2019
424,Steven Harrison,Engineering,Frontend Developer,71582,14/11/2018
425,Betty Scott,Sales,Sales Manager,64343,02/09/2015
426,Gabriela Short,Sales,Account Manager,89517,26/12/2016
427,Gregory Rowe,Engineering,Software Engineer,77250,28/06/2018
428,Nathaniel Smith,Sales,Account Manager,76030,11/06/2018
429,Patricia Walker,HR,HR Coordinator,60414,18/01/2017
430,John Perez,Engineering,Data Scientist,81654,30/05/2017
431,John Frederick,HR,HR Generalist,75758,07/04/2016
432,Kelly Miller,Sales,Account Manager,83076,20/07/2017
433,Lynn Martinez,Engineering,DevOps Engineer,64503,03/07/2015
434,Andrew Berg,Sales,Account Manager,83049,13/05/2016
435,Julie Byrd,Engineering,DevOps Engineer,85734,02/07/2018
436,Christopher Williams DVM,HR,HR Coordinator,61939,19/11/2017
437,Melanie Meyer,Engineering,Software Engineer,70327,16/10/2017
438,Thomas Marquez,Sales,Sales Manager,68179,22/01/2020
439,Brittany Barker,HR,HR Coordinator,81903,14/03/2019
440,Laura Lewis,Sales,Sales Manager,81555,03/10/2018
441,John Munoz,Engineering,DevOps Engineer,71277,14/09/2017
442,Christina Williams,Sales,Sales Executive,69991,21/02/2016
443,Shane Bishop,Engineering,DevOps Engineer,78795,15/08/2020
444,Shannon Todd,Sales,Sales Executive,83996,15/08/2018
445,Madison Mitchell,Sales,Sales Executive,71580,23/10/2020
446,Michael Martin,Engineering,Frontend Developer,80572,28/09/2019
447,Michelle Myers,Engineering,Software Engineer,67912,22/08/2020
448,William Jones,Engineering,Software Engineer,67398,13/11/2016
449,Nicole Finley,Sales,Account Manager,62180,09/05/2018
450,Michelle Clark,Engineering,DevOps Engineer,81757,16/02/2018
451,Alison Clark,HR,HR Manager,89243,05/07/2018
452,Shelly Jenkins,Engineering,Frontend Developer,74261,15/10/2016
453,Tonya Barnett,Engineering,DevOps Engineer,70222,08/07/2019
454,Katherine James,Engineering,DevOps Engineer,83857,28/07/2019
455,Larry Cross,Sales,Account Manager,72539,17/02/2015
456,Luis Ward,Engineering,Frontend Developer,89193,18/09/2015
457,Pamela Allen,HR,HR Generalist,77410,28/03/2015
458,Tina Richardson,Sales,Sales Manager,83099,18/12/2018
459,Kevin Ramirez,HR,HR Manager,78505,13/11/2016
460,Paul Pennington,Engineering,Frontend Developer,72789,10/12/2016
461,Deborah Davis,Engineering,Software Engineer,76402,25/04/2016
462,Kevin Washington,Engineering,Data Scientist,62609,27/06/2019
463,Francisco Daniel,HR,HR Manager,87529,17/03/2015
464,Lawrence Walls,Engineering,Data Scientist,60720,20/02/2016
465,Stacey Wilson,Engineering,Data Scientist,83520,28/08/2018
466,Mark Baker,Engineering,Frontend Developer,88333,25/12/2015
467,James Pratt,Sales,Sales Executive,80332,11/08/2016
468,Kimberly Brown,Sales,Account Manager,83268,21/05/2019
469,Candice Simpson,Engineering,Software Engineer,68273,10/03/2015
470,Deanna Taylor,HR,HR Generalist,84009,05/11/2015
471,Jennifer Gibbs,HR,HR Manager,80505,30/07/2015
472,Brian Jones,Engineering,Frontend Developer,62936,27/12/2019
473,Andrew Pittman,HR,HR Coordinator,82008,25/11/2016
474,Justin Zimmerman,Engineering,Frontend Developer,67738,04/07/2016
475,Tonya Ross,Sales,Account Manager,65317,06/03/2020
476,Jessica Moore,Sales,Account Manager,71063,18/12/2017
477,Kimberly Gonzalez,HR,HR Coordinator,72864,17/12/2018
478,Victoria Hill,Engineering,DevOps Engineer,77378,26/08/2020
479,April Keller,HR,HR Generalist,75365,16/10/2017
480,Michael Clements,Engineering,DevOps Engineer,82506,20/04/2015
481,Adrian Pratt,Engineering,Frontend Developer,72945,01/06/2016
482,Veronica Hunt,Sales,Sales Executive,73231,12/12/2017
483,Ann Shaw,HR,HR Coordinator,61676,25/06/2018
484,Kevin Ford,Engineering,DevOps Engineer,84246,04/10/2017
485,David Kim,Engineering,DevOps Engineer,82306,10/12/2020
486,Alexander Smith,Sales,Sales Manager,83026,16/04/2017
487,William Edwards,HR,HR Generalist,84971,30/08/2019
488,Donna Logan,Engineering,DevOps Engineer,72650,12/02/2017
489,Melissa Taylor,HR,HR Manager,63800,30/01/2020
490,James Campbell,Sales,Account Manager,86371,01/12/2016
491,Erik Stokes,Engineering,DevOps Engineer,65326,01/03/2019
492,Michelle Henderson,Engineering,DevOps Engineer,87728,10/06/2016
493,Crystal Morton,Sales,Sales Executive,79167,07/04/2018
494,Brad Garcia,Engineering,Data Scientist,71291,21/07/2016
495,Toni Smith,HR,HR Coordinator,80503,30/01/2018
496,Belinda Wright,HR,HR Coordinator,76215,25/05/2017
497,Jeffrey Terry,HR,HR Generalist,74123,01/07/2015
498,Stephen Warren,Engineering,Software Engineer,85832,21/09/2016
499,Daniel Turner,Engineering,Software Engineer,74479,27/03/2016
500,William Stephens,Engineering,DevOps Engineer,60305,17/07/2016
501,Robert Butler,Sales,Account Manager,89815,02/05/2016
502,Justin Ibarra,Sales,Sales Manager,85513,12/12/2019
503,Natasha Warren,HR,HR Generalist,80060,19/07/2017
504,Savannah Fletcher,Engineering,Software Engineer,77985,07/03/2015
505,Rachel Boone,HR,HR Coordinator,87202,13/07/2015
506,James Hughes,Engineering,Data Scientist,62073,10/04/2018
507,Katherine Martinez,Sales,Sales Manager,65157,25/09/2015
508,Stephanie English,Sales,Sales Executive,76512,02/02/2015
509,Victoria Reese,Sales,Sales Manager,79826,31/10/2018
510,Victoria Dudley,HR,HR Coordinator,68708,18/08/2020
511,Nicholas Stafford,HR,HR Coordinator,60446,05/05/2016
512,Natalie Hodge,HR,HR Generalist,69189,16/06/2015
513,Andrea Griffin,HR,HR Generalist,77277,31/10/2018
514,Stephanie Stanley,Sales,Account Manager,71215,07/02/2020
515,Katrina Smith,Engineering,Frontend Developer,85936,03/04/2016
516,Hunter Gallegos,Engineering,Software Engineer,84577,12/07/2017
517,Melissa Anderson,Sales,Sales Executive,85711,29/01/2019
518,Taylor Foley,Sales,Sales Manager,85609,05/03/2020
519,John Alexander,Sales,Account Manager,71827,17/01/2019
520,Teresa Haynes,HR,HR Manager,78402,28/10/2017
521,Mark James,HR,HR Generalist,80123,04/12/2019
522,Steven Evans,Engineering,Software Engineer,71869,21/10/2019
523,Chelsea Robinson,Sales,Sales Executive,82290,18/05/2019
524,Charles Harper,Engineering,DevOps Engineer,80572,11/07/2019
525,Katie Mckenzie,Sales,Account Manager,60627,18/01/2019
526,Deanna Turner,Sales,Sales Manager,68165,14/07/2020
527,Rachel Lee,Sales,Sales Executive,68993,09/03/2017
528,Benjamin Harris,Engineering,Frontend Developer,62553,17/11/2015
529,Veronica Harding,Sales,Account Manager,67757,03/11/2016
530,Cathy Thompson,Sales,Sales Manager,74734,16/08/2020
531,Robert Smith,Sales,Sales Manager,63290,02/08/2020
532,Lawrence Hebert,Engineering,Data Scientist,74434,22/08/2017
533,Cynthia Morrow,Engineering,Frontend Developer,80799,02/02/2018
534,Anita Reynolds,HR,HR Coordinator,68280,25/12/2015
535,Patricia Smith,HR,HR Coordinator,79978,10/07/2019
536,Oscar Harrell,HR,HR Manager,70060,07/04/2018
537,Cody White,Engineering,Frontend Developer,60359,06/08/2020
538,Kevin Russell,HR,HR Manager,84980,03/05/2020
539,Shannon Bullock,HR,HR Coordinator,74274,18/06/2015
540,Larry Lucas,Sales,Sales Manager,82055,07/07/2020
541,Kathryn Barnes,HR,HR Generalist,88840,27/10/2017
542,Lori Mckenzie,Engineering,Frontend Developer,71618,10/08/2016
543,Gina Taylor,Sales,Sales Executive,78494,03/08/2020
544,Katelyn Olson,Sales,Account Manager,70751,24/10/2017
545,Matthew Ellis,Engineering,Frontend Developer,75523,10/05/2016
546,Kayla Hansen,Sales,Sales Executive,61362,10/06/2018
547,Jennifer Moore,Engineering,DevOps Engineer,71829,26/07/2018
548,Melissa Hess,Engineering,Software Engineer,66251,16/12/2015
549,Ashley Lopez,Sales,Sales Executive,82000,07/02/2019
550,Nicholas Cohen,Sales,Account Manager,61412,15/08/2018
551,Richard Reid,HR,HR Manager,70315,01/05/2019
552,Rebecca Smith,HR,HR Manager,85058,03/03/2020
553,Reginald Taylor,Sales,Account Manager,73317,17/01/2016
554,Richard Olson,Sales,Sales Executive,79518,26/03/2015
555,Robert Miller,Engineering,Frontend Developer,88397,03/05/2018
556,Nicole Perez,HR,HR Generalist,61961,12/10/2016
557,Thomas Johnson,Engineering,Data Scientist,89256,05/02/2020
558,Brandi Simon,Engineering,Frontend Developer,83111,12/07/2017
559,Steven Sosa,Sales,Sales Manager,85036,25/08/2019
560,Russell Johns,Sales,Sales Executive,83914,27/03/2016
561,Stephanie Newman,Sales,Sales Executive,86984,03/01/2020
562,Sandra Ray,Sales,Sales Manager,84384,13/06/2017
563,Daniel Cohen,Sales,Sales Manager,72689,31/05/2020
564,Kelly Osborne,Engineering,DevOps Engineer,86219,01/02/2015
565,Brittany Thomas,Sales,Sales Executive,62645,26/04/2019
566,Zachary Ashley,Sales,Sales Executive,86650,20/01/2015
567,Erica Thomas,HR,HR Manager,86220,02/12/2019
568,Angelica Clark,HR,HR Coordinator,82950,02/11/2018
569,John Nichols,Sales,Account Manager,85635,20/09/2015
570,Jeffrey Frank,HR,HR Generalist,74957,12/08/2019
571,Jeffery Jones,Engineering,Frontend Developer,78111,12/11/2016
572,James Baxter,Engineering,Software Engineer,80727,31/08/2017
573,Benjamin Moore,Sales,Sales Executive,81022,08/04/2018
574,Audrey Jones,Sales,Sales Executive,89359,11/04/2017
575,Heather Wade,HR,HR Manager,66320,21/01/2019
576,Robert Manning,Sales,Account Manager,80017,17/04/2020
577,Gregory Waters,Engineering,Frontend Developer,77113,27/04/2015
578,Rachael Diaz,Engineering,DevOps Engineer,89906,11/05/2019
579,Kenneth Alvarez,Sales,Sales Executive,75613,17/02/2018
580,Malik Gardner,Sales,Sales Executive,77807,31/05/2019
581,Vanessa Hudson,Engineering,DevOps Engineer,60080,04/05/2015
582,Catherine Adams,Engineering,Software Engineer,74015,10/02/2019
583,Sonia Barnes,Sales,Account Manager,78686,05/07/2020
584,Martha Woods,HR,HR Coordinator,87312,05/12/2017
585,Sarah Mueller,HR,HR Generalist,71863,14/05/2016
586,Paige Castillo,Sales,Sales Executive,64460,07/08/2020
587,Mrs. Janice Roberts DVM,HR,HR Manager,65983,11/02/2019
588,Alexander Gibson,Sales,Sales Executive,60629,19/04/2020
589,Vanessa Thompson,HR,HR Generalist,66335,04/10/2018
590,Garrett Jordan,Engineering,Frontend Developer,81148,06/05/2020
591,Jeffrey Young,Engineering,DevOps Engineer,86108,29/03/2018
592,Daniel Estes,HR,HR Manager,79675,25/07/2019
593,Tanya Watson,Sales,Sales Executive,71727,16/11/2018
594,George Schultz,Engineering,Frontend Developer,61769,27/09/2017
595,Ryan Scott,HR,HR Coordinator,79796,21/06/2016
596,Michelle Wilson,Sales,Account Manager,82030,20/10/2018
597,Michael Burke,HR,HR Generalist,87823,24/02/2020
598,Robert Fernandez,HR,HR Coordinator,65920,15/10/2016
599,Donald Harris,Engineering,Frontend Developer,86293,17/06/2018
600,Alex Lee,HR,HR Manager,72702,04/09/2016
601,Carla Grant,Engineering,DevOps Engineer,63155,09/09/2015
602,Dwayne Tucker,Engineering,Software Engineer,71494,03/09/2017
603,Natalie Graves,Engineering,Data Scientist,73230,05/12/2020
604,Scott Wilson,Sales,Sales Manager,81411,02/07/2015
605,Christopher Adams,Engineering,DevOps Engineer,74957,03/10/2019
606,Joshua Perry,Sales,Sales Manager,88562,05/02/2019
607,Tracy Davis,Sales,Account Manager,75615,07/09/2015
608,Rachel Davis DVM,Engineering,Software Engineer,77550,12/08/2020
609,Erin Quinn,HR,HR Coordinator,60910,28/01/2020
610,Stephanie Young MD,Sales,Sales Manager,63136,24/10/2015
611,Monica Davis,Engineering,DevOps Engineer,71748,02/01/2020
612,Michelle Barton,Engineering,Frontend Developer,61083,24/11/2019
613,Tammy Schmidt,Engineering,DevOps Engineer,61205,06/09/2016
614,Christopher White,Engineering,Frontend Developer,71065,03/12/2016
615,Shawn Scott,Engineering,Data Scientist,65261,31/07/2017
616,Luis Harris,Engineering,Data Scientist,80975,28/02/2016
617,Mary Dickson,Sales,Sales Executive,88799,19/07/2016
618,Kevin Bell,Sales,Account Manager,60781,07/08/2020
619,Cameron Briggs,HR,HR Generalist,82231,21/04/2017
620,Nathan Williamson,HR,HR Manager,67419,17/11/2020
621,Rebecca Doyle,Engineering,DevOps Engineer,70766,13/01/2015
622,Samantha Yang,Engineering,Data Scientist,71537,29/09/2020
623,Cameron Washington,Engineering,Data Scientist,88781,08/05/2015
624,Tiffany Santiago,HR,HR Coordinator,71904,19/11/2018
625,Stanley Hall,Sales,Sales Executive,72665,09/07/2020
626,Denise Zimmerman,Sales,Sales Executive,65313,08/11/2015
627,Dillon Ryan,Sales,Sales Executive,82509,28/05/2017
628,Juan Jones,HR,HR Generalist,86266,12/03/2018
629,Kevin Pearson,Engineering,Data Scientist,60639,25/05/2019
630,Michelle Hardin,Engineering,DevOps Engineer,76714,02/12/2018
631,Dennis Gross,Engineering,Software Engineer,61546,29/08/2016
632,Cassandra Jones,Engineering,Data Scientist,85504,30/09/2018
633,Jamie Williams,Engineering,Frontend Developer,85811,26/04/2018
634,Janet Martinez,Engineering,Frontend Developer,74295,09/08/2019
635,Mary Torres,Sales,Sales Manager,70909,10/10/2018
636,Laura Perry,Sales,Sales Executive,64516,27/12/2018
637,William Davis,HR,HR Generalist,67099,03/06/2018
638,Michael Curry,Sales,Account Manager,62393,05/06/2016
639,David Davis,Engineering,Frontend Developer,78550,20/03/2018
640,Stephen Kelley,Sales,Account Manager,63163,22/06/2019
641,John Lee,HR,HR Coordinator,68049,06/11/2015
642,Lindsey Pierce,HR,HR Coordinator,67373,03/06/2019
643,Jessica Foster,HR,HR Manager,81144,14/06/2020
644,Megan Ruiz,HR,HR Coordinator,79050,12/05/2020
645,Alyssa Reed,Engineering,DevOps Engineer,69039,01/10/2016
646,Amanda Gonzalez,Sales,Account Manager,77771,30/10/2016
647,Christy Smith,Engineering,Frontend Developer,88729,05/01/2017
648,Brandon Hill,Engineering,DevOps Engineer,61320,09/07/2020
649,Gary Le,Sales,Account Manager,88420,25/08/2020
650,Elizabeth Lambert,HR,HR Generalist,63495,23/03/2020
651,Jon Salazar,Sales,Sales Executive,64725,25/07/2020
652,Scott Ortiz,Sales,Account Manager,60878,15/01/2017
653,Kari Thomas,HR,HR Generalist,88515,21/05/2020
654,Michael Wilson,HR,HR Coordinator,63434,25/09/2017
655,Nathaniel Ward,Sales,Account Manager,79797,18/08/2016
656,Edward Terry,HR,HR Manager,65557,15/07/2020
657,Jamie Johnson,HR,HR Coordinator,73470,01/10/2018
658,Mark Moore,Engineering,DevOps Engineer,84963,07/08/2016
659,Katherine Moore,Sales,Sales Executive,72067,06/04/2016
660,Jessica Figueroa,HR,HR Manager,80598,29/12/2015
661,Brenda Moon,HR,HR Coordinator,80652,25/07/2019
662,Christopher Johnson,Sales,Sales Executive,66412,31/12/2018
663,Melanie Holland,HR,HR Manager,83706,03/11/2015
664,David Williams,Sales,Account Manager,69700,24/10/2020
665,Angelica Underwood,HR,HR Generalist,61358,26/12/2019
666,Justin Bennett,HR,HR Generalist,74129,08/01/2017
667,Meghan Perkins,Engineering,Frontend Developer,68816,28/05/2019
668,Jonathan Mahoney,HR,HR Generalist,66821,25/01/2017
669,Charles Burke,HR,HR Manager,64330,24/03/2016
670,Valerie Charles,Engineering,DevOps Engineer,65431,14/01/2020
671,Andrea Ramirez,Engineering,Frontend Developer,78897,17/04/2017
672,Laura Scott,HR,HR Coordinator,62495,28/07/2018
673,Michelle Thomas DVM,Sales,Sales Manager,83168,02/07/2015
674,David Russell,Sales,Sales Executive,85486,10/03/2015
675,Miss Christy Davis,HR,HR Generalist,83796,23/03/2016
676,Joseph Chavez,Sales,Sales Executive,65545,03/02/2015
677,Jennifer Stone,Engineering,Data Scientist,65389,06/02/2016
678,Michelle Rios,Engineering,Software Engineer,77213,21/04/2018
679,Elizabeth Wallace,Engineering,Frontend Developer,71697,29/05/2020
680,Robert Green,Sales,Sales Manager,69438,09/08/2017
681,Charles Johnson,Sales,Account Manager,82419,21/06/2020
682,Mark Wise,Engineering,Frontend Developer,85343,05/05/2019
683,Jessica Carr,HR,HR Manager,71222,03/11/2019
684,Chloe Monroe,Sales,Sales Manager,70872,08/04/2017
685,James Scott,Sales,Sales Manager,64737,15/02/2019
686,Deborah Powell,HR,HR Generalist,84372,06/03/2020
687,Trevor Jackson Jr.,Sales,Account Manager,67685,18/11/2017
688,Michael Olsen,HR,HR Coordinator,72788,04/08/2020
689,Eric Howell,HR,HR Generalist,70032,21/08/2016
690,Richard Anderson,HR,HR Coordinator,86638,14/06/2020
691,Hunter Le,Engineering,Data Scientist,64838,07/01/2019
692,Michael Gomez,Engineering,Software Engineer,82834,17/09/2018
693,Kevin Downs,Sales,Sales Manager,66714,29/09/2019
694,Bonnie Smith,Sales,Sales Manager,79763,19/06/2019
695,Jasmine Castillo,Sales,Sales Executive,68738,06/05/2018
696,Anne Brown,Sales,Sales Manager,80129,09/07/2017
697,Elizabeth Rose,Engineering,Frontend Developer,62797,30/09/2019
698,Gail Novak,Engineering,Software Engineer,63781,05/01/2015
699,Paul Chavez,HR,HR Generalist,75751,08/09/2016
700,Stephen Duncan,HR,HR Manager,82150,23/03/2017
701,Teresa Ross,HR,HR Coordinator,79144,17/11/2015
702,Gary Clark,Sales,Account Manager,81841,20/08/2019
703,Richard Oneal,HR,HR Manager,65211,15/11/2015
704,Donna Brown,Sales,Sales Manager,87107,12/12/2015
705,Jill Martin,Engineering,Data Scientist,60844,12/03/2017
706,Melissa Gonzales,Sales,Sales Executive,88791,09/11/2019
707,James Yu,Sales,Account Manager,79931,09/11/2015
708,Mark James,Sales,Sales Executive,74358,07/03/2017
709,Crystal Brewer,Sales,Sales Manager,73271,17/04/2019
710,Isabel Coleman,HR,HR Manager,79249,26/01/2015
711,Tracy Morrison,Engineering,Frontend Developer,65614,30/05/2017
712,Erik Fuller,HR,HR Generalist,61758,23/12/2018
713,Michelle King,HR,HR Manager,81104,27/04/2017
714,Charlotte Walker,Sales,Account Manager,70961,07/12/2018
715,Alexander Wells,Engineering,Frontend Developer,61281,24/12/2020
716,David Hendrix,HR,HR Generalist,63335,27/11/2018
717,Sabrina White,HR,HR Generalist,76065,22/04/2018
718,Lindsay Arnold,Sales,Sales Manager,72913,13/04/2015
719,Steven Conner PhD,HR,HR Coordinator,65931,16/02/2018
720,Keith Jones,Engineering,DevOps Engineer,65227,13/02/2016
721,Michelle Steele,HR,HR Generalist,87250,18/09/2019
722,Douglas Miller,Engineering,Frontend Developer,62255,12/03/2015
723,Michelle Cooper,Engineering,Frontend Developer,72885,09/01/2015
724,Edward Duran,Sales,Account Manager,78223,25/07/2018
725,Jose Campbell,Engineering,DevOps Engineer,75803,01/05/2015
726,James Gutierrez,Engineering,Software Engineer,69722,26/06/2020
727,Margaret Hall,Engineering,DevOps Engineer,86603,14/02/2019
728,Kristen Burton,Engineering,Data Scientist,81575,27/05/2020
729,John Ross,Engineering,Data Scientist,79218,02/09/2018
730,Jennifer Calhoun,Sales,Sales Executive,60231,27/12/2019
731,Elizabeth Kelley,Engineering,Frontend Developer,78293,02/08/2017
732,Thomas Lucas,Sales,Sales Manager,76067,11/06/2016
733,Jeff Benjamin,Sales,Sales Manager,63507,22/08/2017
734,Darrell Rivera,HR,HR Generalist,71379,16/03/2018
735,Gerald White,HR,HR Manager,82470,25/03/2019
736,Patricia Thompson,Engineering,Data Scientist,67426,20/02/2020
737,Matthew White,HR,HR Coordinator,68993,25/07/2020
738,Susan Shelton,Engineering,Software Engineer,76240,28/09/2020
739,Dylan Alexander,HR,HR Generalist,71169,09/07/2019
740,John Huang,Engineering,Software Engineer,69986,28/11/2015
741,Kara Quinn,Sales,Account Manager,67413,06/08/2017
742,Andrew Wilkins,Sales,Account Manager,72489,27/10/2017
743,Andrea Hubbard,Engineering,Data Scientist,69433,01/07/2017
744,Timothy Schultz,Engineering,Frontend Developer,81627,31/08/2019
745,Jamie Jones,HR,HR Coordinator,72594,06/05/2015
746,Timothy Wood,Sales,Sales Executive,87235,04/07/2017
747,Aaron Weber,Engineering,Frontend Developer,71634,29/04/2016
748,Shawna Harrison,Sales,Account Manager,67492,10/09/2015
749,Alicia Newton,Sales,Sales Manager,72253,24/02/2016
750,Angela Jones,Sales,Account Manager,74153,15/08/2020
751,Robert Michael,HR,HR Coordinator,73135,06/09/2018
752,John Heath,Sales,Account Manager,88393,07/04/2019
753,Carol Garcia,Engineering,Frontend Developer,89609,03/03/2018
754,Jennifer Anderson,HR,HR Manager,74614,30/04/2020
755,Amanda Suarez,Engineering,DevOps Engineer,67980,09/02/2017
756,Rick Gray,Sales,Sales Executive,71078,01/03/2018
757,Erica Hale,HR,HR Manager,63603,26/08/2019
758,Eric Knight,Sales,Account Manager,72737,12/10/2015
759,Jared Waters,HR,HR Generalist,75131,05/02/2018
760,Terri Wagner,Sales,Sales Manager,67230,07/03/2015
761,Charles Yang,Sales,Account Manager,76456,22/11/2020
762,Steven Lopez,HR,HR Coordinator,67623,01/03/2019
763,Mary Hill,HR,HR Generalist,82410,21/03/2017
764,Shelby Jackson,Engineering,Software Engineer,75458,01/08/2020
765,Paul Gonzalez,HR,HR Coordinator,89195,20/05/2020
766,Ricky Thomas,Engineering,Frontend Developer,61593,19/02/2017
767,Mark Williamson,Sales,Sales Executive,73320,14/11/2020
768,Robert Hammond,Engineering,DevOps Engineer,66563,03/05/2017
769,Wanda Grant,Sales,Account Manager,65851,10/04/2015
770,Crystal Johnson,Engineering,Data Scientist,86123,01/08/2018
771,Paula Moore,Sales,Account Manager,60926,24/03/2017
772,William Sharp,Engineering,Software Engineer,60265,06/11/2017
773,Aimee Gregory,HR,HR Generalist,60147,05/12/2016
774,Vanessa Fuentes,Engineering,Software Engineer,86919,10/07/2016
775,Timothy Carson,Sales,Sales Manager,89900,23/05/2020
776,Jonathan Savage,Engineering,Software Engineer,84283,10/03/2020
777,Jennifer Li,HR,HR Manager,87779,08/10/2020
778,Aaron Lindsey,Engineering,Frontend Developer,62188,08/05/2016
779,Steve Young,Sales,Sales Executive,67677,01/09/2019
780,Suzanne Johnson,Engineering,Frontend Developer,72515,15/08/2019
781,Stephanie Gibson,HR,HR Manager,74280,26/08/2019
782,Leslie Nixon,Engineering,Frontend Developer,85078,12/12/2017
783,Raymond Smith,Engineering,DevOps Engineer,60935,03/02/2018
784,Sean Perez,Sales,Account Manager,83063,15/10/2020
785,Mallory Lester,HR,HR Coordinator,82189,15/05/2020
786,Janice Greene,HR,HR Generalist,64403,03/09/2020
787,Chelsea Goodman,Sales,Sales Manager,63016,08/07/2018
788,Candice Shelton,HR,HR Manager,83423,30/03/2018
789,Dr. Nancy Day MD,Engineering,DevOps Engineer,60790,16/07/2015
790,Brooke Carroll,Sales,Sales Executive,80342,23/07/2017
791,Nicole Garcia,Sales,Sales Executive,72416,24/04/2016
792,James Boyd,Engineering,DevOps Engineer,66607,26/06/2020
793,Joshua Coleman,HR,HR Generalist,76396,12/12/2018
794,Larry Scott,Engineering,Software Engineer,82712,04/06/2017
795,Jose Porter,HR,HR Manager,76678,30/06/2020
796,Kathryn Henderson,HR,HR Coordinator,65854,31/07/2020
797,Miranda Sanford,HR,HR Generalist,71135,11/07/2018
798,Tiffany Ramirez,Engineering,Frontend Developer,68337,21/03/2015
799,Michael Price,HR,HR Manager,78513,16/07/2019
800,John Wallace,Sales,Account Manager,86872,25/12/2020
801,Laura Drake,Engineering,Frontend Developer,68141,19/03/2015
802,Christine Jordan,HR,HR Coordinator,85402,12/11/2016
803,Richard Chavez,HR,HR Manager,74647,04/02/2016
804,Mrs. Sarah Dalton,Sales,Sales Executive,78103,25/04/2016
805,Tyler King MD,HR,HR Coordinator,67339,19/06/2019
806,Wendy Rowe,HR,HR Manager,68297,25/01/2018
807,Deborah Li,HR,HR Coordinator,64620,12/07/2020
808,Anne Shannon,Engineering,Frontend Developer,69290,15/04/2019
809,Austin Morgan,HR,HR Generalist,75931,18/05/2015
810,John Berry,Sales,Sales Executive,87249,07/06/2015
811,John Taylor,Sales,Sales Manager,62869,13/03/2017
812,Howard Anderson,Engineering,DevOps Engineer,76967,24/12/2018
813,Amanda Garcia,Sales,Sales Manager,64022,09/11/2015
814,Ashley Sandoval,Engineering,Data Scientist,71233,08/12/2019
815,Randy Sandoval,Engineering,DevOps Engineer,88509,15/01/2019
816,Mark Davis,Sales,Sales Executive,85092,08/04/2017
817,Jessica Vasquez,HR,HR Coordinator,82209,16/03/2018
818,Robert Gill,Engineering,Frontend Developer,76256,05/05/2020
819,Debra Pacheco,Engineering,Data Scientist,72808,15/12/2018
820,Eddie Cochran,Engineering,DevOps Engineer,89087,03/12/2017
821,Joel Anderson,Sales,Sales Manager,66148,21/11/2017
822,Kathleen Davis,Sales,Account Manager,66003,27/12/2019
823,Monica Thompson,Sales,Sales Manager,83349,15/08/2020
824,Dominic Kelly,Sales,Sales Manager,74222,29/12/2015
825,Frank Murphy,Engineering,Frontend Developer,89453,01/11/2017
826,Sharon Lopez,Sales,Sales Manager,66991,11/07/2020
827,Cody Abbott,Sales,Account Manager,61078,09/05/2016
828,David Marquez,Engineering,Frontend Developer,89653,17/03/2017
829,Ashley Gray,Sales,Account Manager,78213,05/10/2015
830,John Taylor,Sales,Sales Executive,60016,13/03/2016
831,Brian Chen,Engineering,Software Engineer,64396,09/06/2018
832,Anna Miller,Engineering,Frontend Developer,88644,09/12/2019
833,Samuel Yoder,Sales,Sales Manager,67339,05/06/2018
834,Kiara Park,Sales,Sales Manager,63573,15/11/2017
835,Maria Powell,Sales,Account Manager,81159,04/07/2016
836,Samantha Miller,Sales,Account Manager,89013,02/06/2020
837,Stephanie Howard,Sales,Account Manager,76168,17/11/2018
838,Mary Davis,Sales,Sales Executive,65348,24/05/2019
839,Richard Turner,HR,HR Generalist,87631,24/06/2015
840,Christopher Perez,HR,HR Generalist,74357,19/12/2016
841,Thomas Gonzales,HR,HR Coordinator,81732,06/11/2015
842,Danny Morris,HR,HR Coordinator,62206,11/09/2016
843,Joshua Keller,Engineering,Data Scientist,84712,03/12/2017
844,Marcia Olson,Engineering,Data Scientist,72912,16/04/2019
845,Dr. Patricia Smith,HR,HR Generalist,77714,27/10/2020
846,Catherine Gonzalez,Engineering,DevOps Engineer,83075,31/08/2019
847,Ashley Gonzales,Engineering,Software Engineer,73308,07/12/2015
848,Joseph Rice,Engineering,Software Engineer,87980,18/03/2020
849,Nancy Bennett,HR,HR Generalist,78665,28/07/2018
850,Robert Perez,HR,HR Generalist,66896,24/10/2017
851,Brianna Bowen DVM,Sales,Sales Executive,81914,06/02/2019
852,April Hoffman,Engineering,Frontend Developer,70113,28/02/2015
853,Pamela Rodriguez,HR,HR Generalist,77603,24/09/2017
854,Mary Cannon,Engineering,Software Engineer,79819,28/09/2020
855,David Thompson,Sales,Account Manager,84650,23/01/2018
856,Victoria Lynn,Engineering,Data Scientist,73741,09/04/2020
857,Isabel Barnes,Sales,Account Manager,70226,03/05/2018
858,Linda Walker,Engineering,Software Engineer,85144,23/01/2015
859,Nancy Perry,Engineering,Software Engineer,79264,17/09/2016
860,Mark Velazquez,Sales,Account Manager,65025,10/09/2017
861,Sonya Waters,HR,HR Coordinator,63610,06/11/2018
862,Jason Rivera,Sales,Account Manager,69124,07/04/2017
863,Elizabeth Moody,Engineering,Frontend Developer,72584,28/10/2017
864,George Powell,Sales,Sales Manager,71133,20/05/2017
865,Alexis Pittman,Engineering,DevOps Engineer,62915,21/12/2018
866,Jennifer Stevenson,Engineering,Data Scientist,70339,21/10/2020
867,Walter Woods,Sales,Sales Manager,78466,14/06/2016
868,Tammy Miller,HR,HR Manager,77279,20/04/2017
869,Katie Matthews,HR,HR Coordinator,70467,28/07/2016
870,Barbara Giles,HR,HR Generalist,88579,10/09/2018
871,Audrey Mcmillan,Engineering,Software Engineer,74229,22/05/2019
872,Omar Davis,Sales,Sales Manager,64377,21/10/2015
873,Leslie Thomas,Engineering,Software Engineer,63896,14/10/2016
874,Holly Davis,Sales,Account Manager,68122,26/02/2019
875,Kenneth Boyd,Engineering,DevOps Engineer,68656,01/03/2020
876,Kyle Wallace,HR,HR Manager,71266,10/06/2017
877,Jason Gay,HR,HR Coordinator,80190,08/08/2016
878,Bianca Middleton,Sales,Sales Executive,84413,05/04/2017
879,Michael Jackson,Sales,Sales Manager,61953,10/11/2017
880,Nicole Foster,HR,HR Generalist,78095,13/07/2015
881,Jeffrey Wright,Engineering,Data Scientist,89754,25/10/2017
882,Leah Murphy,HR,HR Manager,80878,05/02/2019
883,Elizabeth Reyes,HR,HR Coordinator,64511,03/07/2015
884,Christopher Davis,HR,HR Manager,80101,07/05/2017
885,Abigail Cain,Sales,Account Manager,85908,27/04/2020
886,Charles Grant,Engineering,DevOps Engineer,78694,29/10/2019
887,Patrick Kirk,Engineering,Software Engineer,88220,23/11/2020
888,James Hester,Sales,Sales Executive,75901,25/12/2018
889,Jared Johnson,Engineering,Data Scientist,71381,16/11/2018
890,Bonnie Cardenas,Engineering,Data Scientist,65806,20/10/2017
891,Christopher Mcbride,Sales,Sales Manager,67541,22/01/2015
892,Susan Gutierrez,HR,HR Manager,79948,24/03/2015
893,Christopher Lane,Sales,Sales Manager,74384,01/05/2016
894,Sean Hunt,HR,HR Manager,68820,07/11/2018
895,Tammy May,Sales,Account Manager,77933,06/03/2016
896,Samantha Morgan,Engineering,Data Scientist,75261,19/11/2020
897,Heather Garza,HR,HR Manager,69070,14/09/2015
898,Brian Mendoza,Sales,Sales Manager,85434,25/07/2020
899,Alyssa Vincent,Engineering,Software Engineer,81636,21/10/2017
900,Kevin Ramos,HR,HR Coordinator,88581,02/06/2019
901,Tiffany Collins,Sales,Account Manager,61150,16/10/2018
902,Ryan Liu,Engineering,Software Engineer,69581,11/01/2019
903,Robert Blair,Engineering,Data Scientist,83326,12/11/2017
904,Wesley Bailey,HR,HR Manager,76800,20/05/2016
905,Mitchell Gonzalez,Sales,Account Manager,88346,05/01/2016
906,James Turner,HR,HR Manager,73586,05/03/2017
907,Lisa Jackson,Sales,Sales Manager,87246,14/06/2018
908,Tristan Colon,HR,HR Manager,62633,31/07/2016
909,Jennifer Jones,Sales,Account Manager,70621,05/11/2019
910,Austin Nguyen,Engineering,DevOps Engineer,67898,07/11/2018
911,Dr. Rebecca Mejia,Sales,Account Manager,82073,10/05/2016
912,Leah Williams,Sales,Account Manager,61027,22/09/2018
913,Cindy Brown,Engineering,Software Engineer,80920,16/08/2015
914,Anthony Lopez,HR,HR Manager,88536,11/03/2019
915,Christina Carter,Sales,Account Manager,70384,31/10/2019
916,Jake Gardner,Sales,Sales Manager,69418,03/01/2015
917,Lisa Rios,Engineering,Data Scientist,87833,26/08/2019
918,Lauren Smith,Sales,Sales Manager,64588,05/07/2018
919,Gary Ramirez,HR,HR Generalist,61837,10/12/2017
920,Elizabeth Hernandez,HR,HR Coordinator,69203,30/04/2015
921,Sara Harper,Sales,Sales Executive,68305,29/05/2018
922,David Jordan,HR,HR Generalist,76039,15/12/2018
923,Aaron Vaughn,HR,HR Generalist,64026,12/11/2018
924,Maria Smith,HR,HR Coordinator,65555,16/05/2015
925,Bethany Reyes,Sales,Sales Executive,67569,28/06/2016
926,Marilyn Rodriguez,Sales,Account Manager,72573,08/05/2015
927,Robert Jackson,Engineering,Data Scientist,62657,27/03/2018
928,Fernando Fisher,HR,HR Manager,87016,16/09/2016
929,Robin Carlson,Engineering,Data Scientist,74341,06/10/2020
930,Johnathan Mccann,Engineering,DevOps Engineer,77219,29/05/2015
931,Christina Ellis,HR,HR Manager,77279,25/07/2016
932,Christy Gonzalez,Engineering,Frontend Developer,69230,01/07/2017
933,Erin Torres,HR,HR Coordinator,74139,23/03/2016
934,Nathan Hill,HR,HR Generalist,61912,03/04/2018
935,Ashley Carroll,Engineering,DevOps Engineer,66634,27/03/2019
936,James Walker,Engineering,Data Scientist,67251,17/04/2018
937,Mark Stephenson,HR,HR Manager,66104,09/11/2020
938,Tamara Schneider,Sales,Account Manager,77831,19/06/2019
939,Jose Tucker,Engineering,Data Scientist,67622,12/11/2019
940,Kimberly Hernandez,Sales,Account Manager,88951,28/05/2016
941,Francis Anderson,Sales,Sales Executive,67974,04/06/2020
942,Lisa White MD,Sales,Sales Executive,88870,11/02/2015
943,Holly Williams,Sales,Sales Manager,65505,02/11/2016
944,Mary Nelson,Sales,Sales Executive,77170,18/07/2018
945,Patricia Walton,HR,HR Generalist,84313,06/01/2020
946,George Garcia,Engineering,Frontend Developer,85886,12/04/2017
947,Ronald Brown III,Engineering,Software Engineer,73501,01/12/2015
948,Cory Peterson,Engineering,Frontend Developer,76565,19/01/2017
949,Christina Cohen,HR,HR Manager,72609,14/01/2016
950,Darlene Jackson,Sales,Sales Manager,76160,12/12/2017
951,Alyssa Ferguson,Engineering,Data Scientist,88043,16/05/2015
952,Melinda King,Engineering,Software Engineer,89462,16/09/2016
953,Nancy Roach,Engineering,Software Engineer,84473,21/11/2015
954,Jennifer Tran,Engineering,Frontend Developer,74758,11/07/2016
955,Bryan Dennis,Sales,Account Manager,73515,04/07/2017
956,Steven Wright,HR,HR Generalist,72985,02/08/2019
957,Cynthia Woods,HR,HR Generalist,62511,21/08/2016
958,Derrick Murphy,Engineering,Data Scientist,84273,17/11/2015
959,Brenda Montoya,Engineering,Software Engineer,84956,27/12/2017
960,Amy Cannon,Engineering,Software Engineer,82712,31/05/2018
961,Emma Lynch,HR,HR Manager,74765,13/02/2019
962,Angel Vaughn,Sales,Sales Manager,64406,26/07/2015
963,Christopher Hines,Sales,Sales Manager,88840,08/05/2018
964,Mario Coleman,Sales,Account Manager,60442,01/05/2020
965,Tonya Hooper,Sales,Sales Executive,71508,07/04/2015
966,Jennifer Harmon,Sales,Account Manager,72026,16/06/2019
967,Stephen Sanchez,HR,HR Generalist,81025,23/07/2020
968,Tiffany Nichols,Sales,Account Manager,64378,27/03/2016
969,John Sanchez,Engineering,Frontend Developer,86440,08/04/2016
970,Linda Lopez,Sales,Sales Executive,79941,27/11/2017
971,Matthew Johnson,HR,HR Coordinator,75516,10/04/2016
972,Ernest Snow,HR,HR Coordinator,64565,14/11/2015
973,Stephanie Cordova,HR,HR Coordinator,86500,19/11/2015
974,Karen Gilbert,Sales,Account Manager,71436,14/03/2019
975,Stanley Davis,Sales,Sales Manager,72474,09/05/2015
976,Jennifer Hunt,HR,HR Generalist,73148,22/11/2017
977,Kevin Peterson,Sales,Sales Manager,69761,17/12/2020
978,Regina Cole,Sales,Sales Manager,87633,31/01/2016
979,Brent Michael,Engineering,Data Scientist,74133,23/05/2017
980,Frances Wallace MD,Engineering,DevOps Engineer,76854,25/09/2017
981,Robyn Cross,Engineering,Data Scientist,86467,18/01/2018
982,Michelle Harris,Sales,Sales Manager,84791,08/05/2018
983,Lauren Parker,Sales,Sales Manager,87400,16/02/2020
984,Scott Wilson,Sales,Account Manager,71197,17/03/2015
985,Brandon Martinez,HR,HR Coordinator,69884,01/08/2020
986,Dorothy Gonzalez,HR,HR Generalist,77259,28/07/2020
987,Zachary Miller,Engineering,Data Scientist,68421,23/11/2016
988,Emily Schultz,HR,HR Generalist,62253,07/05/2020
989,Austin Hill,Engineering,Data Scientist,79568,31/03/2018
990,Nicholas Chavez,Engineering,DevOps Engineer,86014,05/05/2016
991,Carol Esparza,Engineering,Data Scientist,89357,04/06/2015
992,Randall Contreras,Engineering,Data Scientist,89727,03/12/2016
993,Erik Gibbs DDS,Sales,Account Manager,79968,25/07/2019
994,Matthew Hale,HR,HR Manager,82102,31/03/2020
995,Sarah Williams,Sales,Sales Executive,60676,08/02/2016
996,Tonya Garcia,Sales,Sales Executive,87238,24/11/2015
997,Justin Lawrence,HR,HR Manager,72879,25/03/2020
998,Matthew Foster,HR,HR Generalist,71903,30/03/2020
999,Kelly Macias,HR,HR Manager,79073,17/09/2017
1000,Christine Bishop,HR,HR Manager,82920,17/09/2019
